"product_name","product_owner","product_description","website_code","country","filters","sustainability_rating","product_photo"
"Lyngør Island","community;Hannah Andersson;5","This place is pure magic! I’ve never experienced such peace and beauty in one spot. The quiet, car-free streets, charming wooden houses, and ocean views make it feel like time has stopped. Perfect for relaxing walks and connecting with locals. I didn’t want to leave!","9476f1e5","Norway","nature;sustainable;history","3","images/lyngoer_island.jpg"
"Wulingyuan Scenic Area","community;Liam Chen;4","The sandstone pillars here are absolutely mind-blowing! It feels like being in a different world. The hikes are thrilling, and every turn offers a view more stunning than the last. If you love adventure and nature, this place is a must-see!","9476f1e5","China","adventure;nature;history","2","images/wulingyuan_scenic_area.jpg"
"Chefchaouen","community;Fatima al-Habib;5","The blue-washed streets of Chefchaouen are simply enchanting. It’s like wandering through a dream! I loved exploring the small alleys, meeting the friendly locals, and enjoying the breathtaking views of the mountains. This place is a hidden treasure!","9476f1e5","Morocco","city;history;nature;sustainable","2","images/chefchaouen.jpg"
"Hallstatt","community;Peter Müller;5","Hallstatt is like a postcard come to life. The view over the lake surrounded by mountains is unforgettable, and the salt mines were such a unique experience. It’s the perfect blend of history and scenic beauty. I can’t wait to come back!","9476f1e5","Austria","family;kids;history;nature","3","images/hallstatt.jpg"
"Omodos Village","community;Sophia Ioannou;4","Omodos Village is an absolute gem. I spent hours walking through the cobbled streets, enjoying local wine, and chatting with the friendly shopkeepers. It’s such a peaceful place where time seems to slow down. A perfect escape into authentic Cypriot culture!","9476f1e5","Cyprus","history;family;nature;sustainable","3","images/omodos_village.jpg"
"Lofoten Islands","community;Jonas Berg;5","The Lofoten Islands took my breath away! Jagged peaks rising from the sea, colorful fishing villages, and endless opportunities for hikes and kayaking—this place has it all. The midnight sun makes it even more magical. A must-visit for any nature lover!","9476f1e5","Norway","nature;adventure;sustainable","3","images/lofoten_islands.jpg"
"Colmar","community;Elise Dubois;4","Colmar feels like stepping into a fairytale. The half-timbered houses, canals, and flower-filled streets are mesmerizing. I loved getting lost in the old town, sampling local Alsatian cuisine, and visiting the charming little shops. Perfect for a peaceful getaway!","9476f1e5","France","city;history;family","2","images/colmar.jpg"
"Sossusvlei Dunes","community;Kwame Toure;5","I’ve never seen anything like the towering red dunes of Sossusvlei in Namibia! Climbing to the top of Dune 45 and watching the sunrise was an unforgettable experience. The vastness of the desert and the incredible landscapes left me speechless. A true hidden gem for adventure seekers!","9476f1e5","Namibia","adventure;nature;sustainable","3","images/sossusvlei_dunes.jpg"
"Isle of Jura","community;Fiona McAllister;4","Jura is one of Scotland’s best-kept secrets! With its wild landscapes, whisky distillery, and roaming deer, it offers the perfect escape from the modern world. If you love solitude and nature, this is the place to be. It’s like stepping into another time!","9476f1e5","Scotland","nature;sustainable;history","2","images/jura_island.jpg"
"Isla Holbox","community;Mateo Fernández;5","Holbox is paradise! No cars, sandy streets, turquoise water, and a relaxed vibe—it’s the perfect place to unwind. I spent my days swimming with whale sharks, exploring by bike, and enjoying the freshest seafood. I could stay here forever!","9476f1e5","Mexico","beach;adventure;nature;sustainable","3","images/isla_holbox.jpg"
"Nagano Countryside","community;Haruto Yamamoto;5","The rural side of Nagano is full of charm—ancient temples, peaceful hot springs, and snow-capped mountains all year round. I loved wandering through small villages and experiencing the quiet beauty of Japan away from the crowds. Truly a hidden retreat!","9476f1e5","Japan","nature;history;family","2","images/tsumago.jpg"
"Aran Islands","community;Bridget O'Shea;4","The Aran Islands off the coast of Ireland are a perfect escape. I explored ancient forts, walked along the windswept cliffs, and enjoyed the simplicity of island life. It’s like stepping back in time, with a warm welcome from the locals!","9476f1e5","Ireland","nature;history;adventure","2","images/gimmelwald.jpg"
"Lake Bled","community;Maja Novak;5","Lake Bled in Slovenia feels like a place straight out of a storybook! The small island with its church in the middle of the lake is stunning, and the surrounding mountains make for perfect hiking. I even tried the famous Bled cream cake!","9476f1e5","Slovenia","nature;adventure;family","3","images/hallstatt.jpg"
"Essaouira","community;Khalid Ben Youssef;4","Essaouira, on Morocco’s Atlantic coast, is a vibrant mix of cultures and colors. I spent hours wandering through the medina, enjoying fresh seafood, and watching the waves crash against the old fortress walls. A coastal gem with a laid-back vibe!","9476f1e5","Morocco","city;history;nature","2","images/chefchaouen.jpg"
"Meteora Monasteries","community;Alexandros Papadopoulos;5","Meteora blew my mind! Monasteries perched on top of towering rock pillars—it's like something out of a dream. The hiking trails around the cliffs are just as incredible, with views that make every step worth it. A must-see for anyone visiting Greece!","9476f1e5","Greece","adventure;history;nature","3","images/wulingyuan_scenic_area.jpg"
"Cappadocia","community;Ayla Demir;5","Cappadocia feels like a dream! Waking up to hot air balloons floating over fairy-tale rock formations is an unforgettable sight. The cave hotels and underground cities make this place feel otherworldly. I could explore here for days!","9476f1e5","Turkey","adventure;nature;history","3","images/kiso_valley.jpg"
"Tromsø","community;Erik Larsen;5","Tromsø is a winter wonderland! I got to chase the Northern Lights and try dog sledding through snowy landscapes. The locals were so friendly, and the city has an amazing mix of modern culture and Arctic wilderness. A perfect destination for adventurers!","9476f1e5","Norway","adventure;nature;sustainable","3","images/vik_iceland.jpg"
"Toledo","community;Sofia García;4","Toledo is like a walk through history. The narrow streets, medieval architecture, and incredible views over the river are stunning. I spent my days exploring ancient churches and enjoying tapas at cozy local restaurants. It’s the perfect city escape!","9476f1e5","Spain","city;history;family","2","images/valldemossa.jpg"
"Patagonia","community;Carlos Mendoza;5","Patagonia is unlike any place I’ve ever been! Towering peaks, turquoise lakes, and glaciers as far as the eye can see. I hiked through Torres del Paine and couldn’t believe how pristine and wild everything felt. A dream for adventurers and nature lovers!","9476f1e5","Argentina","adventure;nature;sustainable","3","images/faroe_islands.jpg"
"Luang Prabang","community;Meera Patel;4","Luang Prabang stole my heart! The golden temples, morning alms-giving, and peaceful atmosphere make it such a special place. I loved taking a boat ride on the Mekong River and exploring waterfalls hidden deep in the forest. It’s the perfect blend of culture and nature.","9476f1e5","Laos","history;adventure;nature","2","images/paro_valley.jpg"